{"ex-hello":{"silences":[[0.749375,0.929375]]},"ex-encourage":{"silences":[[0.5622916666666666,0.9022916666666667],[2.8430416666666667,3.1830416666666665]]},"ex-coverage":{"silences":[[1.1413125,1.6813125],[2.7479583333333335,3.2879583333333335],[5.3999375,5.9399375],[7.662583333333333,8.202583333333333],[9.5625625,10.1025625],[10.550541666666666,10.730541666666667],[14.746520833333333,15.286520833333332],[16.17716666666667,16.717166666666667],[18.334791666666668,18.874791666666667],[21.664104166666668,21.844104166666668],[22.20675,22.74675]]},"ex-dialog":{"silences":[[0.9493125,1.6693125],[2.1711875,2.8911875],[3.813833333333333,4.1738333333333335],[5.4554583333333335,5.635458333333333],[6.584770833333334,7.304770833333333],[8.451416666666667,8.991416666666666]]},"ex-meow":{"silences":[]},"ex-scary":{"silences":[[2.3306458333333335,2.870645833333333],[4.427958333333334,4.967958333333334],[6.1412708333333335,6.501270833333334],[7.802583333333334,8.342583333333334],[9.150333333333334,9.510333333333334],[10.464979166666666,11.004979166666667],[12.300958333333334,12.840958333333333],[14.3929375,14.9329375],[15.616625,16.016625]]},"ex-poem":{"silences":[[0.46397916666666666,0.8239791666666667],[1.7679583333333333,1.9479583333333332],[4.017270833333333,4.557270833333333],[5.02125,5.20125],[5.979895833333333,6.159895833333334],[8.250541666666667,8.970541666666668],[9.823854166666667,9.903854166666667],[10.943833333333334,11.483833333333333]]},"ex-mesmerizer":{"silences":[[3.552770833333333,3.7327708333333334]]}}
